<?xml version="1.0" encoding="UTF-8"?>
<beans xmlns="http://www.springframework.org/schema/beans"
	xmlns:xsi="http://www.w3.org/2001/XMLSchema-instance"
	xmlns:context="http://www.springframework.org/schema/context"
	xmlns:tx="http://www.springframework.org/schema/tx"
	xsi:schemaLocation="http://www.springframework.org/schema/beans http://www.springframework.org/schema/beans/spring-beans.xsd
		http://www.springframework.org/schema/context http://www.springframework.org/schema/context/spring-context-4.3.xsd
		http://www.springframework.org/schema/tx http://www.springframework.org/schema/tx/spring-tx-4.3.xsd">
	
	<!-- Root Context: defines shared resources visible to all other web components -->
	<!-- 1. 서비스 위치 -->
	<context:component-scan base-package="com.bit.**.service"/>
	
	<!-- 2. mybatis 설정 -->
	<bean id="ds" class="org.springframework.jdbc.datasource.SimpleDriverDataSource">
		<property name="driverClass" value="oracle.jdbc.driver.OracleDriver"></property>
		<property name="url" value="jdbc:oracle:thin:@192.168.0.80:1521:xe"></property>
		<property name="username" value="bitboard"></property>
		<property name="password" value="bitboard"></property>	
	</bean>
	
	<bean id="ssfb" class="org.mybatis.spring.SqlSessionFactoryBean">
		<property name="dataSource" ref="ds"></property>
		<property name="configLocation" value="classpath:com/bit/config/mybatis/configuration.xml" />
		<property name="mapperLocations">
			<list>
				<value>classpath:com/bit/config/mybatis/album.xml</value>
				<value>classpath:com/bit/config/mybatis/bbs.xml</value>
				<value>classpath:com/bit/config/mybatis/board_admin.xml</value>
				<value>classpath:com/bit/config/mybatis/board.xml</value>
				<value>classpath:com/bit/config/mybatis/common.xml</value>
				<value>classpath:com/bit/config/mybatis/memo.xml</value>
				<value>classpath:com/bit/config/mybatis/reboard.xml</value>
			</list>
		</property>
	</bean>
	
	<bean id="ss" class="org.mybatis.spring.SqlSessionTemplate">
		<constructor-arg ref="ssfb" />
	</bean>
	
	<!-- 3. 트랜잭션 -->
	<bean id="txManager" class="org.springframework.jdbc.datasource.DataSourceTransactionManager">
		<property name="dataSource" ref="ds"></property>
	</bean>
	
	<tx:annotation-driven transaction-manager="txManager"/>
	
</beans>
