<?xml version="1.0" encoding="UTF-8"?>
<beans:beans xmlns:mvc="http://www.springframework.org/schema/mvc"
	xmlns:xsi="http://www.w3.org/2001/XMLSchema-instance"
	xmlns:beans="http://www.springframework.org/schema/beans"
	xmlns:context="http://www.springframework.org/schema/context"
	xsi:schemaLocation="http://www.springframework.org/schema/mvc http://www.springframework.org/schema/mvc/spring-mvc-4.3.xsd
		http://www.springframework.org/schema/beans http://www.springframework.org/schema/beans/spring-beans.xsd
		http://www.springframework.org/schema/context http://www.springframework.org/schema/context/spring-context.xsd">

	<!-- DispatcherServlet Context: defines this servlet's request-processing infrastructure -->
	
	<!-- Enables the Spring MVC @Controller programming model -->
	<mvc:annotation-driven />
	
	<!--5. restful 설정 -->
	<mvc:default-servlet-handler/> 

	<!-- 1. 컨트롤러 위치 -->
	<context:component-scan base-package="com.bit.board.**.controller"></context:component-scan>
	
	<!--  6 ajax 사용 시, json 한글 깨짐 방지 -->
	<mvc:annotation-driven>
		<mvc:message-converters>
			<beans:bean class="org.springframework.http.converter.StringHttpMessageConverter">
				<beans:property name="supportedMediaTypes">
					<beans:list>
						<beans:value>text/html; charaset=UTF-8</beans:value>
						<beans:value>application/json; charset=UTF-8</beans:value>
					</beans:list>
				</beans:property>
			</beans:bean>
		</mvc:message-converters>
	</mvc:annotation-driven>
	
	<!-- 2. resources mapping 설정 -->
	<!-- dispatcher 서블릿이 안 받도록 하는 것 -->
	<!-- Handles HTTP GET requests for /resources/** by efficiently serving up static resources in the ${webappRoot}/resources directory -->
	<mvc:resources mapping="/css/**" location="/resources/board/css/" />
	<mvc:resources mapping="/js/**" location="/resources/board/js/" />
	<mvc:resources mapping="/img/**" location="/resources/board/img/" />

	<!--4. 파일 업로드 -->
	<beans:bean id="multipartResolver" class="org.springframework.web.multipart.commons.CommonsMultipartResolver">
		<beans:property name="defaultEncoding" value="UTF-8"/>
		<beans:property name="maxUploadSize" value="5242880"/>
		<beans:property name="maxInMemorySize" value="1048576"/>
	</beans:bean>


	<!-- 3. view resolver 설정 -->
	<!-- Resolves views selected for rendering by @Controllers to .jsp resources in the /WEB-INF/views directory -->
	<beans:bean class="org.springframework.web.servlet.view.InternalResourceViewResolver">
		<beans:property name="prefix" value="/WEB-INF/views/" />
		<beans:property name="suffix" value=".jsp" />
	</beans:bean>
	
	<!-- <context:component-scan base-package="com.bit.board" /> -->
	
	
	
</beans:beans>
